{"loss": [2.019153118133545, 1.4682762622833252, 1.166329026222229, 0.9852879047393799, 0.8329164385795593, 0.6953965425491333, 0.6005423069000244, 0.5078271627426147, 0.4195554256439209, 0.3635862469673157, 0.3170955181121826, 0.26691901683807373, 0.24503067135810852, 0.20161668956279755, 0.18835772573947906, 0.16407033801078796, 0.1394672840833664, 0.12558045983314514, 0.11547110974788666, 0.11094734072685242, 0.08816907554864883, 0.09689858555793762, 0.07860027253627777, 0.07800689339637756, 0.09366939216852188, 0.05904090777039528, 0.07504204660654068, 0.06254494935274124, 0.06076312065124512, 0.0616084448993206], "accuracy": [0.24599331617355347, 0.47612687945365906, 0.5949081778526306, 0.6608514189720154, 0.7128547430038452, 0.7631886601448059, 0.7996661067008972, 0.8272120356559753, 0.8545075058937073, 0.8762103319168091, 0.8960767984390259, 0.9100167155265808, 0.9167779684066772, 0.9323872923851013, 0.936978280544281, 0.9457429051399231, 0.9520033597946167, 0.958931565284729, 0.9590150117874146, 0.963188648223877, 0.9715359210968018, 0.9676126837730408, 0.9752921462059021, 0.975459098815918, 0.9680300354957581, 0.9803004860877991, 0.9779632687568665, 0.9800500869750977, 0.9794657826423645, 0.9809682965278625], "val_loss": [1.7212611436843872, 1.2307024002075195, 1.0521663427352905, 0.9075736403465271, 0.8305994272232056, 0.652248740196228, 0.6123086214065552, 0.5787715315818787, 0.4769705832004547, 0.46502721309661865, 0.44370126724243164, 0.4933874309062958, 0.39174988865852356, 0.3847631812095642, 0.3792998790740967, 0.42163893580436707, 0.40819403529167175, 0.3727701008319855, 0.43738362193107605, 0.38152146339416504, 0.3550683557987213, 0.4201091229915619, 0.39705440402030945, 0.36560487747192383, 0.3566407561302185, 0.434770792722702, 0.33939141035079956, 0.46910709142684937, 0.3617565333843231, 0.4887632429599762], "val_accuracy": [0.3702838122844696, 0.5642737746238708, 0.6333889961242676, 0.6998330354690552, 0.7195325493812561, 0.7886477708816528, 0.8006677627563477, 0.818030059337616, 0.849081814289093, 0.8564273715019226, 0.859098494052887, 0.8414023518562317, 0.8801335692405701, 0.8764607906341553, 0.8864774703979492, 0.8787980079650879, 0.8744574189186096, 0.8941569328308105, 0.8781301975250244, 0.8928213715553284, 0.9068447351455688, 0.8921535611152649, 0.9075125455856323, 0.9091819524765015, 0.9058430790901184, 0.8971619606018066, 0.9108514189720154, 0.8854758143424988, 0.9125208854675293, 0.8697829842567444]}